INSERT INTO "excTake" ("id", "memberID", "invID", "date") VALUES
(1, 1, 21, '2025-12-22 10:15'),
(2, 2, 24, '2025-12-22 14:30'),
(3, 3, 45, '2025-12-23 09:45'),
(4, 4, 30, '2025-12-23 16:10'),
(5, 5, 52, '2025-12-24 11:00'),
(6, 17, 3, '2025-12-24 13:20'),
(7, 18, 11, '2025-12-25 10:05'),
(8, 19, 14, '2025-12-25 15:40'),
(9, 20, 29, '2025-12-26 12:30'),
(10, 17, 34, '2025-12-26 17:00'),
(11, 6, 21, '2025-12-27 09:30'),
(12, 7 , 12, '2025-12-27 11:00'),
(13, 8, 4, '2025-12-27 14:20'),
(14, 9, 10, '2025-12-28 10:00'),
(15, 10, 29, '2025-12-28 15:15'),
(16, 17, 8, '2025-12-29 11:30'),
(17, 18, 13, '2025-12-29 18:10'),
(18, 19, 15, '2025-12-30 08:45'),
(19, 1, 38, '2025-12-30 12:20'),
(20, 2, 39, '2025-12-29 16:50');
  
INSERT INTO "excReturn" ("id", "memberID", "invID", "date") VALUES
(1, 1, 21, '2025-12-27 09:00'),
(2, 2, 24, '2025-12-27 14:10'),
(3, 17, 3, '2025-12-28 11:00'),
(4, 18, 11, '2025-12-28 16:45'),
(5, 19, 14, '2025-12-29 10:00'),
(6, 6, 21, '2025-12-30 11:10'),
(7, 7, 12, '2025-12-30 18:10'),
(8, 17, 8, '2025-12-31 18:10'),
(9, 18, 13, '2025-12-31 18:10'),
(10, 1, 38, '2026-01-02 13:10'),
(11, 9, 10, '2026-01-02 14:45'),
(12, 2, 39, '2026-01-03 10:30');

INSERT INTO "borrow" ("invID", "memberID", "takeID", "returnID") VALUES
(21, 1, 1, 1),
(24, 2, 2, 2),
(45, 3, 3, NULL),
(30, 4, 4, NULL),
(52, 5, 5, NULL),
(3, 17, 6, 3),
(11, 18, 7, 4),
(14, 19, 8, 5),
(29, 20, 9, NULL),
(34, 17, 10, NULL),
(21, 6, 11, 6),
(12, 7,12, 7),
(4, 8, 13, NULL),
(10, 9, 14, 11),
(29, 10, 15, NULL),
(9, 17, 16, 8),
(13, 18, 17, 9),
(15, 19, 18, NULL),
(38, 1, 19, 10),
(39, 2, 20, 12),
